text,who
สุริยะ' เป็นประธาน ‘รฟม.-BEM’ เซ็นรถไฟฟ้าสายสีส้มวันนี้ เสนอลดค่าโดยสารยาว 10 ปี เร่งก่อสร้างเปิดให้บริการตลอดเส้นทางปี'73,สุริยะ
"ทีมข่าวเดลินิวส์ พาย้อนไทม์ไลน์ ""ทักษิณ ชินวัตร"" ตั้งแต่เหยียบแผ่นดินไทย สู่ อิสรภาพ พ้นโทษเป็นพลเมืองเต็มตัว ในเดือน ส.ค.นี้ ...",ทักษิณ
สภาฉลุย! อนุมัติงบประมาณเพิ่มเติม 1.22 แสนล้าน แจกเงินหมื่นดิจิทัลวอลเล็ต เสียงเห็นชอบ 297 ต่อ 164 ขณะที่พบ สส.ฝั่งรัฐบาลหาย 15 คน,เงินดิจิทัล
รัฐบาล เร่งผลักดันมาตรการกระตุ้นเศรษฐกิจ และมาตรการเยียวยาแรงงาน กระทรวงแรงงาน-คลัง แม่งานดันสารพัดมาตรการ ประคองผู้ใช้แรงงานและผู้ประกอบการ รับมือวิกฤตเศรษฐกิจ-โรงงานปิดกิจการ,นายก
"""นายกฯ"" อวดโฉม ""ชุดนักกีฬาไทย"" ลายมรดกโลกบ้านเชียง จ.อุดรธานี ชี้เป็นโอกาสโชว์ความเป็นไทย ไปสู่สายตาชาวโลก",นายก
"""โฆษก รบ."" โต้คนโจมตี กางไทม์ไลน์ ""รัฐบาลเศรษฐา"" ลดค่าไฟมาแล้ว 10 เดือน แจงงวด ก.ย.-ธ.ค.ยังไม่สรุป",นายก รัฐบาล
"""เด็กก้าวไกล"" ถามงบประมาณเพิ่มเติม 1.22 แสนล้าน แจกเงินหมื่นดิจิทัลวอลเล็ต เกษตรกรอยู่ตรงไหน ฟัง""ธรรมนัส"" ชัดๆ ""ปุ๋ยคนละครึ่ง"" ยังไม่ยกเลิก ย้ำคนละเรื่องกับ""เยียวยาไร่ละ 1 พัน""",ก้าวไกล
นายเศรษฐา ทวีสิน นายกรัฐมนตรี ส่งกำลังใจให้ทัพนักกีฬาของไทย ที่จะนำทั้งความสามารถทางกีฬาและความงดงามทางวัฒนธรรมไทยผ่านชุดกีฬาสู่เวทีโอลิมปิกเกมส์ 2024,"เศรษฐา,นายก,รัฐมนตรี"
"นายกฯบอกแล้วแต่มุมมอง ""ชุดพิธีการนักกีฬา"" โอลิมปิก เกมส์ 2024",นายก
”นายก​ฯ“ มอบอุปกรณ์​ป้องกันและตอบโต้กลุ่มผู้ค้ายาเสพติด​แก่ทบ.​- ตร.​,นายก
"""นายกฯ"" ขอให้เกียรติผู้ออกแบบชุดพิธีการนักกีฬาไทย ร่วมพิธีเปิดการแข่งขันโอลิมปิกเกมส์ ปารีส 2024 ชี้ เรื่องแบบนี้ อยู่ที่สายตาแต่ละคน ขอโฟกัสเรื่องอื่นดีกว่า",นายก
เศรษฐา ขอ ให้เกียรติคนออกแบบ ชุดพิธีการ ทัพนักกีฬาไทย โอลิมปิก ปารีส,นายก
‘นายกฯ‘ ชี้ เป็นเรื่องของมุมมองแต่ละบุคคล หลังชาวเน็ตวิจารณ์ ชุดพิธีการทัพกีฬาไทยแข่งโอลิมปิก ควรให้เกียรติกัน,นายก
นายกฯ มอบอุปกรณ์ ปราบยาเสพติด ให้ทหาร-ตร. จ่อคุยทูตออสเตรเลีย ตัดเส้นทางขน,"เศรษฐา,นายก,รัฐมนตรี"
"วันนี้ (18 ก.ค.67) นายเศรษฐา ทวีสิน นายกรัฐมนตรี กำชับ ปปง.เร่งรัดยึดทรัพย์ ตัดต้นตอแหล่งเงิน ผลิตยาเสพติด ชี้ มีอำนาจอยู่แล้ว ขอให้ทำทุกเคสทั้งเล็กและใหญ่ ทำงานแบบบูรณาการ เร่งต่อจิ๊กซอว์ให้จบโดยเร็ว อย่าทำงานแบบ ""Silo"" ไม่ให้มีข้อครหา ย้ำ","เศรษฐา,นายก,รัฐมนตรี"
นายก​รัฐมนตรี​ ส่งมอบอุปกรณ์​ป้องกันและตอบโต้กลุ่มผู้ค้ายาเสพติด​แก่ ทบ.​- ตร.​ บอก​ความปลอดภั​ยเจ้าหน้าที่สำคัญที่สุด​ มอง​ปัญหาภายในเมียนมาเป็นละเอียดอ่อน​ แต่ไม่ขอเอามาเป็นข้อแก้ตัว​ ใช้กต. ประสานความร่วมมือ​,"เศรษฐา,นายก"
นายกฯ “เศรษฐา ทวีสิน” ปลื้มชุดแข่งขันกีฬาโอลิมปิก 2024 ทีมชาติไทย ขอบคุณทุกหน่วยงานที่เกี่ยวข้อง ร่วมกันนำลายมรดกโลกบ้านเชียงจากอุดรธานี ผสานกับการใช้นวัตกรรมรีไซเคิลจากขวดพลาสติกชุมชนสู่สายตาชาวโลก,"เศรษฐา,นายก"
"""อนุทิน"" ย้ำ พรรคร่วมพร้อมหนุน ""ดิจิทัลวอลเล็ต"" เชื่อทำตามกฎหมายทุกขั้นตอน",เงินดิจิทัล
นายกฯนั่งหัวโต๊ะสั่ง ปปง.อย่าช้าต้องทำงานแบบล้วงลูก เร่งยึดทรัพย์ตัดตอนขบวนการค้ายาบ้า เตรียมวัดผลสิ้นไตรมาส 3,นายก